,"('C', 'O', 1)","('N', 'H', 1)","('N', 'C', 1)","('N', 'C', 1.5)","('C', 'C', 1)","('C', 'C', 1.5)","('O', 'C', 2)","('C', 'H', 1)",C,H,N,O,amines,ether,aldehyde,aromatic,weight
0,1.3808200100722614,1.9875037751483629,5.8452678322230796,0.8669939759649382,9.431460402330455,6.2714001360227645,1.0049285669619783,23.410583128357064,18.67837245275554,25.69735571061335,3.171259142590067,2.176589048936644,2.027942818967245,0.5717456140551147,1.0048975896392507,1.3405986825103153,356.9085535259072
1,1.0113512505259135,1.9228581753735512,0.34782102630034206,1.0299354914212824,1.2570680608389742,3.6290656660491543,0.2019914460674055,4.041873998419572,6.106762940534217,6.383557851112879,1.5737940338109724,1.3820599292353997,0.4091878162636846,0.22482751238157722,0.20191523066728578,0.9618207776731496,169.80110311424414
2,1.55822735303558,2.1472950505623976,10.155821713799627,0.5626575820860097,16.684075179372492,6.862989764289962,1.4851582715230214,40.2716905817239,27.902360579052825,42.59319735989939,4.221923243350961,2.482636962175468,3.356477431262868,0.8010961592356047,1.485188847030233,1.3253764861986075,479.7887945056498
3,1.187013159934782,2.189592203439525,6.024210646182761,0.5380318385547048,11.242869939235492,3.644089489768069,0.757299317430049,27.10961723305482,17.926518720048804,29.53719124228371,2.853157459754952,1.6214966570564027,2.1892696894299317,0.5048271812981463,0.7573176199943142,0.7806268182342027,319.31706009230504
4,1.7490138658512815,1.612315933417886,5.618726907684674,1.4766085336657153,6.216014543468701,11.216794027595327,1.4818011054133902,16.89638255749069,20.323103725670013,18.919808289607808,3.7948390662928566,3.2260303444349194,1.7588727866407927,0.7031379138788647,1.4816792099101392,2.39105333853523,430.5672911016039
