,"('N', 'H', 1)","('N', 'C', 1)","('C', 'N', 3)","('C', 'S', 1)","('O', 'C', 1.5)","('F', 'C', 1)","('C', 'O', 2)","('C', 'C', 1)","('C', 'C', 1.5)","('C', 'H', 1)",C,F,H,N,O,amines,aldehyde,esters,cyanide,aromatic,weight,logP,SAS
0,1.2219821477438617,5.631914682686796,0.06762692132725794,0.06461158444699022,0.158535158325392,0.3435194701405758,1.8208984092914435,12.617984119832645,5.806449867073784,25.54284724184985,20.33668485930614,0.3435194701405804,26.93028536378088,2.352327490107962,3.0485691635547676,1.9584321676189438,1.8208984092914267,0.11332441916835964,0.06762692132725825,0.9681807918978118,360.34421966460866,2.636376885614846,3.3219829619828283
1,1.2299233486884116,0.3595462906711733,0.1527241894993488,0.6809209950227345,0.3066379822563121,1.0303974620327208,0.878651411974921,1.8665133868922128,6.473280177364991,4.455517143658341,9.695334658345292,1.0303974620326923,6.261138469731032,2.0207551718077985,2.3014531424704296,0.34629501910605875,0.8786514119749039,0.19258664541097345,0.15272418949934694,1.7361107792326207,270.90535133229434,2.3644654961306144,2.4156394080175523
2,2.4239520785010398,8.275116040397148,0.0872357141163627,0.19069873167181103,0.14063903680913925,0.6982349651744679,1.5136793855849509,6.6020514547229645,1.5369157862501286,14.529714112968314,12.21546874855315,0.6982349651744456,17.150010382030068,4.421133012714155,1.384367587270615,2.7501493348995485,1.5136793855849389,0.05234454144639729,0.08723571411636118,0.48248527310468947,290.9997596400374,1.1541456087885837,3.082419502078409
3,0.15059870034646416,1.5546087883876911,0.09778600474042104,0.3817571000959548,0.19337925243180767,0.7171038855201994,1.8717044637401288,4.230844945859253,14.766669886924419,15.632804242457738,19.92188307537399,0.7171038855201931,16.026289234210758,0.794464113195859,4.754618387233103,0.8463199295597814,1.8717044637400986,0.21215725848874858,0.09778600474042122,2.551962012521099,381.6776044167252,3.5842581937026976,1.9185531653053542
