,"('C', 'O', 1)","('C', 'O', 1.5)","('N', 'H', 1)","('S', 'O', 2)","('C', 'S', 1)","('N', 'C', 1)","('C', 'C', 1)","('C', 'C', 1.5)","('C', 'H', 1)",C,H,N,O,amines,ether,sulfoxide,cycle,weight
0,0.06983700925152325,0.06282551867232421,3.197426901765123,0.08185000850309737,0.13578333805729906,9.841531698288456,9.043456223141382,1.603898640107683,26.709001930532136,15.932302854818587,29.99225053334114,4.545889626056076,0.9684458665455408,3.4679532414663883,0.06081693443799141,0.08185000850310357,1.8173566152101224,307.5862763174955
1,0.6076921941334156,0.1454334445222949,2.1840771803154566,0.19146955681709568,0.5749394616629873,3.0377217132345176,4.949234279008223,0.3582843727470326,9.709032350838468,7.771841185182804,12.246631183916506,2.5791565374114276,1.5552912915798838,1.2203226513947278,0.08671589411164732,0.19146955681709374,0.9713855971389722,209.48523037409484
2,2.7697097479003903,0.05965892343334478,0.7487433675317867,0.08032447057985126,0.11038377453512405,4.526388769525278,24.05071987704762,0.4255666916350682,40.29768948267829,25.528068438043867,41.36108724458279,1.53763858031378,3.4225422519026676,1.5369703447766194,1.1799082605805544,0.08032447057986174,4.3976884255466135,409.2897404108579
3,1.035864664737177,0.4153877701658088,1.1200805883930198,0.13039505869283305,0.4991513295372393,0.627764790777877,5.290268465896911,18.260594721065033,13.074651062682415,22.593677707167377,14.658072538402465,2.274132564875986,1.9541750226927872,0.21246011626290517,0.3354625115835399,0.13039505869284052,1.1242911175085148,407.51427801013506
4,0.9817046353861159,0.37248342136586704,1.7482320129574922,0.07072202824315185,0.11698104656428213,4.0113518843443,8.303725016110384,23.58907256116852,31.967490075405767,32.15076495136572,34.038962535479314,2.5889541569682946,0.6720065281936858,1.4462991889268688,0.5501432529782576,0.0707220282431611,0.9761773062938638,490.44316834376843
